{"panorams":{"salzburg":{"filename":"salzburg.jpg","position":{"floorId":"3019802182","x":-21.16817138985659,"y":0,"rotation":0,"z":-9.569025591184118}},"dir_a/dir_b/river":{"filename":"dir_a/dir_b/river.jpg","position":{"floorId":"3826295695","x":0,"z":0,"rotation":0}}},"floors":{"3019802182":{"label":"этаж раз","x":28.411600375285722,"y":-0.4978726559180586,"z":-9.283844308877878,"width":100,"length":38,"rotation":0.7853981633974483,"texture":"plan"},"3826295695":{"label":"этаж два","x":0,"y":9.502127344081941,"z":0,"width":10,"length":10,"rotation":0}}}