{"panorams":{"salzburg":{"filename":"salzburg.jpg","position":{"floorId":"3019802182","x":-21.16817138985659,"y":0,"rotation":0,"z":-9.569025591184118}}},"floors":{"3019802182":{"label":"Этаж","x":28.411600375285722,"y":-0.4978726559180586,"z":-9.283844308877878,"width":100,"length":38,"rotation":0.7853981633974483,"texture":"plan"}}}