{"cameraHeight":1.8,"fov":75,"maxPitch":1.5707963267948966,"minPitch":-1.5707963267948966,"skyboxHeight":4.572271386430678,"skyboxRadius":1.5074626865671643,"skyboxRadialSegments":23,"skyboxHeightSegments":9,"skyboxBarrelness":0.42528735632183906,"cameraRotationSpeed":0.002857142857142857,"planLabelScale":0.017812500000000002,"panoramLabelScale":0.0008173285198555956}