{"cameraHeight":1.8,"fov":75,"maxPitch":1.5707963267948966,"minPitch":-1.5707963267948966,"skyboxHeight":3.5,"skyboxRadius":1.5,"skyboxWireframe":false,"skyboxRadialSegments":64,"cameraRotationSpeed":0.002857142857142857,"planLabelScale":0.03906249999999999}